{"stats":{"minecraft:mined":{"minecraft:scaffolding":1,"minecraft:dark_oak_log":45,"minecraft:powder_snow":29,"minecraft:crafting_table":3,"minecraft:emerald_ore":1,"minecraft:crimson_roots":1,"minecraft:light_gray_bed":3,"minecraft:glass":2,"minecraft:tall_grass":1,"born_in_chaos_v1:chipped_black_argillite_brick":1,"minecraft:spruce_leaves":3,"minecraft:wall_torch":1,"minecraft:spruce_stairs":1,"minecraft:furnace":1,"minecraft:iron_ore":51,"minecraft:fire":11,"born_in_chaos_v1:black_argillite_brick_stairs":2,"minecraft:spruce_log":5,"minecraft:birch_leaves":1,"minecraft:grass":1,"minecraft:coal_ore":69,"minecraft:oak_log":34,"minecraft:dirt":1,"minecraft:wither_skeleton_skull":3,"minecraft:stone":109,"minecraft:white_wool":4},"minecraft:crafted":{"minecraft:crafting_table":1,"minecraft:spruce_planks":20,"minecraft:wooden_pickaxe":1,"minecraft:baked_potato":11,"minecraft:iron_sword":1,"minecraft:furnace":1,"minecraft:air":0,"minecraft:iron_chestplate":1,"minecraft:shield":1,"minecraft:iron_axe":1,"minecraft:stick":4,"minecraft:iron_ingot":15,"minecraft:iron_pickaxe":1,"minecraft:stone_pickaxe":1,"minecraft:wooden_axe":1,"minecraft:dark_oak_planks":4,"minecraft:torch":12},"minecraft:picked_up":{"minecraft:crafting_table":3,"minecraft:wheat":2,"vampirism:vampire_blood_bottle":1,"born_in_chaos_v1:pumpkin_staff":1,"minecraft:enchanted_book":2,"minecraft:oak_log":35,"minecraft:wither_skeleton_skull":3,"skilltree:gem":15,"minecraft:dirt":1,"minecraft:lantern":1,"minecraft:item_frame":4,"minecraft:bone":7,"born_in_chaos_v1:soul_cutlass":1,"minecraft:apple":2,"minecraft:wheat_seeds":1,"minecraft:iron_ingot":1,"vampirism:garlic_bread":4,"born_in_chaos_v1:fel_lamp":1,"minecraft:rabbit":1,"mowziesmobs:umvuthana_mask_misery":1,"minecraft:furnace":1,"minecraft:scaffolding":1,"minecraft:dark_oak_sapling":9,"minecraft:stick":20,"minecraft:raw_iron":51,"iceandfire:shiny_scales":6,"minecraft:torch":1,"royalvariations:royal_bone":1,"minecraft:spruce_stairs":1,"minecraft:stone_button":1,"minecraft:spruce_sapling":3,"tombstone:grave_dust":2,"vampirism:vampire_fang":1,"minecraft:spruce_log":5,"minecraft:prismarine_crystals":4,"minecraft:dark_oak_log":38,"undead_revamp2:acidsack":1,"tombstone:lollipop":1,"minecraft:pumpkin_seeds":20,"minecraft:arrow":7,"minecraft:light_gray_bed":3,"minecraft:spruce_sign":1,"minecraft:emerald":1,"minecraft:oak_sapling":18,"minecraft:crimson_roots":1,"minecraft:coal":69,"minecraft:white_wool":4,"minecraft:cobblestone":109},"minecraft:killed":{"born_in_chaos_v1:felsteed":1,"born_in_chaos_v1:mr_pumpkin":9,"vampirism:advanced_vampire":1,"born_in_chaos_v1:sir_the_headless":1,"undead_revamp2:the_moonflower":1,"mowziesmobs:umvuthana_follower_raptor":4,"born_in_chaos_v1:zombie_bruiser":1,"born_in_chaos_v1:pumpkinhead":1,"creeperoverhaul:snowy_creeper":1,"vampirism:blinding_bat":2,"undead_revamp2:thesomnolence":2,"minecraft:zombie":1,"iceandfire:siren":2,"mowziesmobs:umvuthana_raptor":1,"undead_revamp2:thespitter":1},"minecraft:killed_by":{"born_in_chaos_v1:nightmare_stalker":1,"born_in_chaos_v1:pumpkinhead":1,"undead_revamp2:clogger":1},"minecraft:dropped":{"minecraft:enchanted_book":1,"minecraft:iron_sword":1,"minecraft:prismarine_crystals":4,"minecraft:apple":8,"vampirism:garlic_bread":4},"minecraft:used":{"mowziesmobs:umvuthana_mask_misery":1,"minecraft:stone_pickaxe":119,"minecraft:baked_potato":11,"minecraft:shield":24,"minecraft:wooden_pickaxe":37,"tombstone:lollipop":1,"minecraft:iron_sword":113,"minecraft:spruce_sign":1,"minecraft:iron_chestplate":1,"minecraft:torch":1,"minecraft:dirt":1,"minecraft:crafting_table":4,"minecraft:spruce_stairs":1,"minecraft:carrot":3,"born_in_chaos_v1:soul_cutlass":21,"minecraft:wooden_axe":54,"minecraft:apple":3,"minecraft:iron_axe":72,"minecraft:bread":24,"minecraft:stone_button":1,"minecraft:iron_pickaxe":99,"minecraft:iron_boots":1,"tombstone:grave_key":2,"minecraft:item_frame":3,"vampirism:garlic_bread":2,"minecraft:cobblestone":26,"minecraft:scaffolding":1,"born_in_chaos_v1:fel_lamp":1,"minecraft:furnace":1,"tombstone:gift":2,"minecraft:potato":2,"minecraft:experience_bottle":1,"minecraft:light_gray_bed":3,"minecraft:iron_leggings":1},"minecraft:custom":{"minecraft:interact_with_furnace":13,"minecraft:mob_kills":30,"minecraft:interact_with_anvil":1,"minecraft:interact_with_crafting_table":9,"minecraft:open_barrel":8,"minecraft:damage_dealt_resisted":958,"minecraft:interact_with_stonecutter":1,"minecraft:leave_game":2,"minecraft:time_since_death":0,"minecraft:sleep_in_bed":2,"minecraft:climb_one_cm":1207,"minecraft:damage_resisted":507,"minecraft:time_since_rest":466,"minecraft:waystone_activated":1,"minecraft:sprint_one_cm":157545,"minecraft:damage_taken":3049,"minecraft:walk_one_cm":140950,"minecraft:damage_blocked_by_shield":949,"tombstone:eaten_lollipop":1,"minecraft:drop":8,"minecraft:damage_dealt":8517,"minecraft:swim_one_cm":15593,"minecraft:fly_one_cm":228942,"minecraft:open_chest":39,"minecraft:crouch_one_cm":2467,"minecraft:play_time":81360,"tombstone:undead_killed":4,"minecraft:deaths":4,"minecraft:sneak_time":1196,"minecraft:walk_under_water_one_cm":7113,"minecraft:jump":1528,"minecraft:walk_on_water_one_cm":10022,"minecraft:total_world_time":81360,"minecraft:fall_one_cm":36104},"minecraft:broken":{"minecraft:stone_pickaxe":1,"undead_revamp2:acidsack":1,"minecraft:wooden_axe":1}},"DataVersion":3465}