{"stats":{"minecraft:crafted":{"minecraft:oak_planks":4,"iceandfire:armor_electric_chestplate":1,"minecraft:furnace":1,"iceandfire:armor_electric_boots":1,"iceandfire:armor_electric_leggings":1,"minecraft:iron_axe":1,"minecraft:stone_pickaxe":1,"minecraft:chest":3,"minecraft:dark_oak_planks":32,"minecraft:crafting_table":3,"minecraft:spruce_planks":20,"minecraft:wooden_pickaxe":1,"minecraft:baked_potato":11,"minecraft:iron_sword":1,"minecraft:air":0,"minecraft:diamond_pickaxe":1,"minecraft:iron_chestplate":1,"minecraft:shield":1,"minecraft:stick":4,"minecraft:iron_ingot":15,"minecraft:iron_pickaxe":1,"minecraft:wooden_axe":1,"minecraft:torch":12},"minecraft:used":{"mowziesmobs:umvuthana_mask_misery":1,"minecraft:chest":3,"minecraft:shield":45,"minecraft:iron_sword":113,"tombstone:lollipop":2,"minecraft:cooked_chicken":3,"minecraft:iron_chestplate":1,"minecraft:orange_bed":1,"minecraft:torch":7,"minecraft:dirt":3,"minecraft:spruce_stairs":1,"minecraft:carrot":3,"born_in_chaos_v1:soul_cutlass":191,"minecraft:wooden_axe":54,"minecraft:iron_axe":91,"minecraft:iron_boots":1,"minecraft:item_frame":4,"minecraft:scaffolding":1,"iceandfire:armor_electric_leggings":1,"born_in_chaos_v1:fel_lamp":2,"minecraft:furnace":1,"tombstone:gift":5,"minecraft:potato":2,"iceandfire:armor_electric_boots":1,"minecraft:light_gray_bed":3,"minecraft:iron_leggings":1,"minecraft:stone_pickaxe":119,"minecraft:baked_potato":11,"minecraft:wooden_pickaxe":37,"minecraft:spruce_sign":1,"minecraft:crafting_table":6,"minecraft:oak_log":6,"minecraft:diamond_pickaxe":9,"minecraft:apple":3,"iceandfire:lightning_dragon_flesh":6,"minecraft:dark_oak_log":6,"minecraft:bread":54,"minecraft:iron_pickaxe":108,"minecraft:stone_button":1,"born_in_chaos_v1:pumpkin_staff":1,"tombstone:grave_key":12,"minecraft:golden_helmet":1,"vampirism:garlic_bread":2,"minecraft:cobblestone":34,"minecraft:experience_bottle":1},"minecraft:dropped":{"minecraft:enchanted_book":2,"minecraft:iron_sword":1,"minecraft:oak_log":30,"minecraft:feather":2,"minecraft:prismarine_crystals":4,"minecraft:apple":8,"born_in_chaos_v1:soul_cutlass":1,"minecraft:stick":1,"iceandfire:armor_electric_leggings":1,"minecraft:dark_oak_log":68,"skilltree:gem":5,"tombstone:grave_dust":3,"iceandfire:ash":4,"minecraft:iron_axe":1,"minecraft:iron_pickaxe":1,"vampirism:garlic_bread":4,"minecraft:bone":1,"iceandfire:dragonbone":11,"iceandfire:witherbone":2,"iceandfire:dragonscales_electric":23,"minecraft:mangrove_sign":1,"minecraft:red_terracotta":1,"mowziesmobs:clawed_log":1,"minecraft:acacia_sapling":1,"waystones:waystone":1},"minecraft:killed_by":{"born_in_chaos_v1:nightmare_stalker":1,"undead_revamp2:clogger":1,"minecraft:vindicator":3,"alexsmobs:crocodile":4,"iceandfire:lightning_dragon":3,"born_in_chaos_v1:pumpkinhead":1,"iceandfire:cockatrice":1},"minecraft:mined":{"minecraft:jungle_leaves":1,"minecraft:dark_oak_log":45,"minecraft:grass_block":3,"minecraft:crimson_roots":1,"minecraft:light_gray_bed":3,"minecraft:spruce_leaves":3,"minecraft:furnace":1,"minecraft:iron_ore":51,"born_in_chaos_v1:black_argillite_brick_slab":3,"minecraft:fire":11,"born_in_chaos_v1:black_argillite_brick_stairs":4,"minecraft:vine":2,"minecraft:stone":109,"minecraft:white_wool":4,"minecraft:orange_bed":1,"minecraft:acacia_leaves":1,"minecraft:scaffolding":1,"minecraft:powder_snow":29,"minecraft:crafting_table":3,"minecraft:torch":1,"minecraft:emerald_ore":1,"minecraft:glass":2,"minecraft:tall_grass":2,"born_in_chaos_v1:chipped_black_argillite_brick":4,"minecraft:wall_torch":1,"minecraft:spruce_stairs":1,"minecraft:lilac":1,"minecraft:spruce_log":5,"minecraft:birch_leaves":4,"minecraft:grass":7,"minecraft:oak_log":36,"minecraft:coal_ore":69,"minecraft:dirt":2,"minecraft:wither_skeleton_skull":3,"minecraft:oak_leaves":70,"minecraft:fern":1},"minecraft:killed":{"born_in_chaos_v1:mr_pumpkin":9,"vampirism:advanced_vampire":1,"born_in_chaos_v1:restless_spirit":1,"born_in_chaos_v1:zombie_lumberjack":1,"born_in_chaos_v1:sir_the_headless":1,"minecraft:vindicator":1,"undead_revamp2:bomber":1,"born_in_chaos_v1:zombie_bruiser":1,"creeperoverhaul:snowy_creeper":1,"born_in_chaos_v1:pumpkinhead":1,"vampirism:blinding_bat":2,"iceandfire:siren":2,"iceandfire:deathworm":1,"irons_spellbooks:archevoker":1,"luminous_monsters:savannah_zombie":1,"born_in_chaos_v1:firelight_not_despawn":1,"alexsmobs:kangaroo":1,"undead_revamp2:thespitter":1,"mowziesmobs:umvuthana":5,"born_in_chaos_v1:fallen_chaos_knight":1,"born_in_chaos_v1:felsteed":1,"fromtheshadows:cleric":2,"undead_revamp2:the_moonflower":6,"mowziesmobs:umvuthana_follower_raptor":4,"iceandfire:cockatrice":1,"royalvariations:royal_zombie":1,"minecraft:pillager":2,"undead_revamp2:thesomnolence":2,"minecraft:zombie":2,"iceandfire:ghost":2,"born_in_chaos_v1:dread_hound":1,"iceandfire:lightning_dragon":3,"mowziesmobs:umvuthana_raptor":1,"minecraft:cow":2},"minecraft:custom":{"minecraft:interact_with_anvil":1,"minecraft:mob_kills":67,"minecraft:interact_with_crafting_table":17,"minecraft:open_barrel":21,"minecraft:damage_dealt_resisted":979,"minecraft:eat_cake_slice":7,"minecraft:leave_game":3,"minecraft:time_since_death":18536,"minecraft:climb_one_cm":6660,"minecraft:damage_resisted":668,"minecraft:sprint_one_cm":432211,"minecraft:walk_one_cm":302996,"minecraft:damage_blocked_by_shield":2003,"minecraft:drop":34,"tombstone:eaten_lollipop":2,"minecraft:play_time":189160,"minecraft:deaths":16,"minecraft:sneak_time":2581,"minecraft:walk_under_water_one_cm":18751,"minecraft:jump":3445,"minecraft:walk_on_water_one_cm":27226,"minecraft:total_world_time":189160,"minecraft:interact_with_furnace":13,"minecraft:tune_noteblock":2,"minecraft:interact_with_stonecutter":1,"minecraft:sleep_in_bed":6,"minecraft:time_since_rest":17776,"minecraft:waystone_activated":2,"minecraft:damage_taken":8147,"minecraft:trigger_trapped_chest":3,"minecraft:damage_dealt":19024,"minecraft:swim_one_cm":59968,"minecraft:fly_one_cm":671764,"minecraft:open_chest":118,"minecraft:crouch_one_cm":6723,"tombstone:undead_killed":17,"minecraft:fall_one_cm":85562},"minecraft:broken":{"mowziesmobs:umvuthana_mask_faith":1,"minecraft:iron_boots":1,"minecraft:iron_chestplate":1,"minecraft:iron_leggings":1,"minecraft:stone_pickaxe":1,"mowziesmobs:umvuthana_mask_misery":1,"minecraft:shield":1,"undead_revamp2:acidsack":1,"fromtheshadows:plague_doctor_mask":1,"minecraft:wooden_axe":1},"minecraft:picked_up":{"irons_spellbooks:scroll":1,"iceandfire:dragon_skull_lightning":1,"minecraft:crafting_table":3,"minecraft:wheat":2,"iceandfire:witherbone":4,"iceandfire:armor_electric_boots":1,"minecraft:enchanted_book":4,"minecraft:item_frame":5,"minecraft:beef":6,"vampirism:garlic_bread":4,"irons_spellbooks:epic_ink":1,"iceandfire:dragonscales_electric":42,"minecraft:furnace":1,"minecraft:dark_oak_sapling":9,"minecraft:stick":29,"minecraft:raw_iron":51,"iceandfire:dragonbone":23,"minecraft:torch":2,"minecraft:spruce_stairs":1,"iceandfire:lightning_dragon_flesh":9,"minecraft:stone_button":1,"minecraft:mangrove_sign":1,"tombstone:grave_dust":5,"vampirism:vampire_fang":2,"fromtheshadows:plague_doctor_mask":1,"minecraft:prismarine_crystals":4,"tombstone:lollipop":2,"minecraft:orange_bed":1,"mowziesmobs:umvuthana_mask_faith":1,"irons_spellbooks:evocation_rune":1,"minecraft:arrow":26,"minecraft:light_gray_bed":3,"minecraft:white_wool":4,"minecraft:cobblestone":109,"iceandfire:dragonscales_black":15,"minecraft:feather":2,"vampirism:vampire_blood_bottle":1,"born_in_chaos_v1:pumpkin_staff":1,"minecraft:leather":2,"minecraft:potato":1,"minecraft:oak_log":67,"minecraft:wither_skeleton_skull":3,"skilltree:gem":17,"minecraft:dirt":4,"minecraft:lantern":1,"tombstone:gift":2,"irons_spellbooks:rare_ink":2,"fromtheshadows:suspicious_cloth":2,"minecraft:bone":8,"born_in_chaos_v1:soul_cutlass":2,"minecraft:apple":2,"minecraft:wheat_seeds":2,"minecraft:iron_ingot":1,"minecraft:cooked_chicken":3,"minecraft:rabbit":1,"born_in_chaos_v1:fel_lamp":1,"mowziesmobs:umvuthana_mask_misery":1,"minecraft:acacia_sapling":1,"iceandfire:dragonscales_amythest":9,"minecraft:scaffolding":1,"mowziesmobs:clawed_log":1,"iceandfire:ash":4,"born_in_chaos_v1:ethereal_spirit":1,"royalvariations:royal_bone":1,"iceandfire:shiny_scales":6,"minecraft:spruce_sapling":3,"minecraft:spruce_log":5,"iceandfire:lightning_dragon_heart":3,"minecraft:dark_oak_log":106,"minecraft:red_terracotta":1,"undead_revamp2:acidsack":1,"iceandfire:armor_electric_leggings":1,"minecraft:pumpkin_seeds":20,"born_in_chaos_v1:fire_dust":1,"waystones:waystone":3,"minecraft:spruce_sign":1,"minecraft:emerald":4,"minecraft:oak_sapling":25,"minecraft:coal":69,"minecraft:crimson_roots":1}},"DataVersion":3465}