{"stats":{"minecraft:crafted":{"minecraft:furnace":1,"minecraft:iron_axe":1,"minecraft:stone_pickaxe":1,"minecraft:dark_oak_planks":4,"minecraft:crafting_table":1,"minecraft:spruce_planks":20,"minecraft:wooden_pickaxe":1,"minecraft:baked_potato":11,"minecraft:iron_sword":1,"minecraft:air":0,"minecraft:iron_chestplate":1,"minecraft:shield":1,"minecraft:stick":4,"minecraft:iron_ingot":15,"minecraft:iron_pickaxe":1,"minecraft:wooden_axe":1,"minecraft:torch":12},"minecraft:used":{"mowziesmobs:umvuthana_mask_misery":1,"minecraft:shield":45,"minecraft:iron_sword":113,"tombstone:lollipop":2,"minecraft:cooked_chicken":3,"minecraft:iron_chestplate":1,"minecraft:torch":1,"minecraft:dirt":1,"minecraft:spruce_stairs":1,"minecraft:carrot":3,"born_in_chaos_v1:soul_cutlass":65,"minecraft:wooden_axe":54,"minecraft:iron_axe":73,"minecraft:iron_boots":1,"minecraft:item_frame":4,"minecraft:scaffolding":1,"born_in_chaos_v1:fel_lamp":2,"minecraft:furnace":1,"tombstone:gift":2,"minecraft:potato":2,"minecraft:light_gray_bed":3,"minecraft:iron_leggings":1,"minecraft:stone_pickaxe":119,"minecraft:baked_potato":11,"minecraft:wooden_pickaxe":37,"minecraft:spruce_sign":1,"minecraft:crafting_table":4,"minecraft:oak_log":6,"minecraft:apple":3,"minecraft:bread":31,"born_in_chaos_v1:pumpkin_staff":1,"minecraft:iron_pickaxe":108,"minecraft:stone_button":1,"tombstone:grave_key":5,"vampirism:garlic_bread":2,"minecraft:cobblestone":34,"minecraft:experience_bottle":1},"minecraft:dropped":{"minecraft:enchanted_book":1,"minecraft:iron_sword":1,"minecraft:feather":2,"minecraft:prismarine_crystals":4,"minecraft:apple":8,"skilltree:gem":5,"vampirism:garlic_bread":4,"iceandfire:dragonbone":11,"minecraft:bone":1,"iceandfire:witherbone":2},"minecraft:killed_by":{"born_in_chaos_v1:nightmare_stalker":1,"undead_revamp2:clogger":1,"iceandfire:lightning_dragon":1,"born_in_chaos_v1:pumpkinhead":1,"iceandfire:cockatrice":1},"minecraft:mined":{"minecraft:dark_oak_log":45,"minecraft:crimson_roots":1,"minecraft:light_gray_bed":3,"minecraft:spruce_leaves":3,"minecraft:furnace":1,"minecraft:iron_ore":51,"born_in_chaos_v1:black_argillite_brick_slab":3,"minecraft:fire":11,"born_in_chaos_v1:black_argillite_brick_stairs":4,"minecraft:vine":1,"minecraft:stone":109,"minecraft:white_wool":4,"minecraft:acacia_leaves":1,"minecraft:scaffolding":1,"minecraft:powder_snow":29,"minecraft:crafting_table":3,"minecraft:emerald_ore":1,"minecraft:glass":2,"minecraft:tall_grass":2,"born_in_chaos_v1:chipped_black_argillite_brick":4,"minecraft:wall_torch":1,"minecraft:spruce_stairs":1,"minecraft:spruce_log":5,"minecraft:birch_leaves":1,"minecraft:grass":2,"minecraft:oak_log":34,"minecraft:coal_ore":69,"minecraft:dirt":1,"minecraft:wither_skeleton_skull":3,"minecraft:oak_leaves":1},"minecraft:killed":{"born_in_chaos_v1:mr_pumpkin":9,"vampirism:advanced_vampire":1,"born_in_chaos_v1:sir_the_headless":1,"born_in_chaos_v1:zombie_bruiser":1,"creeperoverhaul:snowy_creeper":1,"born_in_chaos_v1:pumpkinhead":1,"vampirism:blinding_bat":2,"iceandfire:siren":2,"luminous_monsters:savannah_zombie":1,"undead_revamp2:thespitter":1,"born_in_chaos_v1:firelight_not_despawn":1,"alexsmobs:kangaroo":1,"born_in_chaos_v1:felsteed":1,"fromtheshadows:cleric":2,"undead_revamp2:the_moonflower":1,"mowziesmobs:umvuthana_follower_raptor":4,"iceandfire:cockatrice":1,"minecraft:pillager":2,"undead_revamp2:thesomnolence":2,"iceandfire:ghost":1,"minecraft:zombie":1,"born_in_chaos_v1:dread_hound":1,"iceandfire:lightning_dragon":1,"mowziesmobs:umvuthana_raptor":1},"minecraft:custom":{"minecraft:interact_with_anvil":1,"minecraft:mob_kills":41,"minecraft:interact_with_crafting_table":9,"minecraft:open_barrel":8,"minecraft:damage_dealt_resisted":958,"minecraft:eat_cake_slice":7,"minecraft:leave_game":2,"minecraft:time_since_death":17830,"minecraft:climb_one_cm":1207,"minecraft:damage_resisted":668,"minecraft:sprint_one_cm":289923,"minecraft:walk_one_cm":212074,"minecraft:damage_blocked_by_shield":2003,"minecraft:drop":16,"tombstone:eaten_lollipop":2,"minecraft:play_time":127715,"minecraft:deaths":6,"minecraft:sneak_time":1399,"minecraft:walk_under_water_one_cm":8559,"minecraft:jump":2353,"minecraft:walk_on_water_one_cm":15653,"minecraft:total_world_time":127715,"minecraft:interact_with_furnace":13,"minecraft:interact_with_stonecutter":1,"minecraft:sleep_in_bed":4,"minecraft:time_since_rest":17324,"minecraft:waystone_activated":2,"minecraft:damage_taken":4086,"minecraft:trigger_trapped_chest":1,"minecraft:damage_dealt":11020,"minecraft:swim_one_cm":32472,"minecraft:fly_one_cm":416715,"minecraft:open_chest":82,"minecraft:crouch_one_cm":3119,"tombstone:undead_killed":6,"minecraft:fall_one_cm":54672},"minecraft:broken":{"minecraft:iron_boots":1,"minecraft:stone_pickaxe":1,"mowziesmobs:umvuthana_mask_misery":1,"minecraft:shield":1,"undead_revamp2:acidsack":1,"fromtheshadows:plague_doctor_mask":1,"minecraft:wooden_axe":1},"minecraft:picked_up":{"iceandfire:dragon_skull_lightning":1,"minecraft:crafting_table":3,"minecraft:wheat":2,"iceandfire:witherbone":4,"minecraft:enchanted_book":2,"minecraft:item_frame":5,"vampirism:garlic_bread":4,"iceandfire:dragonscales_electric":19,"minecraft:furnace":1,"minecraft:dark_oak_sapling":9,"iceandfire:dragonbone":11,"minecraft:stick":23,"minecraft:raw_iron":51,"minecraft:torch":1,"minecraft:spruce_stairs":1,"iceandfire:lightning_dragon_flesh":3,"minecraft:stone_button":1,"tombstone:grave_dust":2,"vampirism:vampire_fang":2,"fromtheshadows:plague_doctor_mask":1,"minecraft:prismarine_crystals":4,"tombstone:lollipop":2,"minecraft:arrow":7,"minecraft:light_gray_bed":3,"minecraft:white_wool":4,"minecraft:cobblestone":109,"vampirism:vampire_blood_bottle":1,"minecraft:feather":2,"born_in_chaos_v1:pumpkin_staff":1,"minecraft:oak_log":35,"minecraft:wither_skeleton_skull":3,"skilltree:gem":17,"minecraft:dirt":1,"minecraft:lantern":1,"fromtheshadows:suspicious_cloth":2,"minecraft:bone":8,"born_in_chaos_v1:soul_cutlass":1,"minecraft:apple":2,"minecraft:wheat_seeds":1,"minecraft:iron_ingot":1,"minecraft:cooked_chicken":3,"born_in_chaos_v1:fel_lamp":1,"minecraft:rabbit":1,"mowziesmobs:umvuthana_mask_misery":1,"minecraft:scaffolding":1,"royalvariations:royal_bone":1,"iceandfire:shiny_scales":6,"minecraft:spruce_sapling":3,"iceandfire:lightning_dragon_heart":1,"minecraft:spruce_log":5,"minecraft:dark_oak_log":38,"undead_revamp2:acidsack":1,"minecraft:pumpkin_seeds":20,"born_in_chaos_v1:fire_dust":1,"waystones:waystone":1,"minecraft:spruce_sign":1,"minecraft:emerald":3,"minecraft:oak_sapling":18,"minecraft:coal":69,"minecraft:crimson_roots":1}},"DataVersion":3465}