{"stats":{"minecraft:mined":{"minecraft:spruce_stairs":1,"minecraft:iron_ore":15,"minecraft:spruce_log":5,"minecraft:dark_oak_log":45,"minecraft:powder_snow":29,"minecraft:crafting_table":2,"minecraft:coal_ore":40,"minecraft:dirt":1,"minecraft:light_gray_bed":3,"minecraft:tall_grass":1,"minecraft:wither_skeleton_skull":3,"minecraft:spruce_leaves":3,"minecraft:stone":80,"minecraft:wall_torch":1},"minecraft:crafted":{"minecraft:crafting_table":1,"minecraft:spruce_planks":12,"minecraft:baked_potato":11,"minecraft:wooden_pickaxe":1,"minecraft:stone_pickaxe":1,"minecraft:wooden_axe":1,"minecraft:furnace":1,"minecraft:torch":4,"minecraft:air":0},"minecraft:picked_up":{"minecraft:dark_oak_sapling":9,"minecraft:raw_iron":15,"minecraft:stick":7,"minecraft:crafting_table":2,"vampirism:vampire_blood_bottle":1,"minecraft:torch":1,"minecraft:spruce_stairs":1,"minecraft:spruce_sapling":3,"tombstone:grave_dust":2,"minecraft:wither_skeleton_skull":3,"minecraft:spruce_log":5,"skilltree:gem":7,"minecraft:dark_oak_log":38,"minecraft:dirt":1,"minecraft:light_gray_bed":3,"minecraft:wheat_seeds":1,"minecraft:coal":40,"minecraft:cobblestone":80},"minecraft:killed":{"vampirism:blinding_bat":2,"minecraft:zombie":1,"vampirism:advanced_vampire":1,"creeperoverhaul:snowy_creeper":1},"minecraft:killed_by":{"undead_revamp2:clogger":1},"minecraft:used":{"minecraft:wooden_axe":54,"minecraft:stone_pickaxe":119,"minecraft:baked_potato":3,"minecraft:wooden_pickaxe":37,"tombstone:grave_key":2,"minecraft:torch":1,"minecraft:dirt":1,"minecraft:cobblestone":5,"minecraft:crafting_table":3,"minecraft:furnace":1,"minecraft:spruce_stairs":1,"minecraft:carrot":3,"tombstone:gift":2,"minecraft:potato":2,"minecraft:light_gray_bed":3},"minecraft:custom":{"minecraft:interact_with_furnace":6,"minecraft:time_since_rest":2096,"minecraft:sprint_one_cm":30014,"minecraft:damage_taken":865,"minecraft:walk_one_cm":37966,"minecraft:mob_kills":6,"minecraft:interact_with_anvil":1,"minecraft:damage_dealt":970,"minecraft:interact_with_crafting_table":4,"minecraft:fly_one_cm":34010,"minecraft:open_barrel":7,"minecraft:crouch_one_cm":814,"minecraft:play_time":27180,"tombstone:undead_killed":1,"minecraft:deaths":2,"minecraft:sneak_time":589,"minecraft:jump":246,"minecraft:time_since_death":17427,"minecraft:sleep_in_bed":2,"minecraft:climb_one_cm":981,"minecraft:total_world_time":27180,"minecraft:fall_one_cm":6601},"minecraft:broken":{"minecraft:stone_pickaxe":1,"minecraft:wooden_axe":1}},"DataVersion":3465}