{"stats":{"minecraft:mined":{"minecraft:spruce_stairs":1,"minecraft:iron_ore":6,"minecraft:spruce_log":5,"minecraft:dark_oak_log":45,"minecraft:powder_snow":29,"minecraft:crafting_table":1,"minecraft:dirt":1,"minecraft:light_gray_bed":3,"minecraft:tall_grass":1,"minecraft:wither_skeleton_skull":3,"minecraft:spruce_leaves":3,"minecraft:stone":26},"minecraft:crafted":{"minecraft:crafting_table":1,"minecraft:spruce_planks":12,"minecraft:wooden_pickaxe":1,"minecraft:stone_pickaxe":1,"minecraft:wooden_axe":1},"minecraft:picked_up":{"minecraft:dark_oak_sapling":9,"minecraft:raw_iron":6,"minecraft:stick":7,"minecraft:crafting_table":1,"minecraft:spruce_stairs":1,"minecraft:spruce_sapling":3,"minecraft:wither_skeleton_skull":3,"minecraft:spruce_log":5,"skilltree:gem":1,"minecraft:dark_oak_log":38,"minecraft:dirt":1,"minecraft:light_gray_bed":3,"minecraft:wheat_seeds":1,"minecraft:cobblestone":26},"minecraft:killed_by":{"undead_revamp2:clogger":1},"minecraft:used":{"minecraft:wooden_axe":47,"minecraft:stone_pickaxe":6,"minecraft:wooden_pickaxe":26,"tombstone:grave_key":2,"minecraft:dirt":1,"minecraft:crafting_table":2,"minecraft:spruce_stairs":1,"tombstone:gift":2,"minecraft:light_gray_bed":2},"minecraft:custom":{"minecraft:time_since_rest":4150,"minecraft:sprint_one_cm":13610,"minecraft:damage_taken":639,"minecraft:walk_one_cm":17953,"minecraft:interact_with_anvil":1,"minecraft:damage_dealt":30,"minecraft:interact_with_crafting_table":3,"minecraft:fly_one_cm":16605,"minecraft:open_barrel":7,"minecraft:crouch_one_cm":345,"minecraft:play_time":15180,"minecraft:deaths":2,"minecraft:sneak_time":205,"minecraft:jump":100,"minecraft:time_since_death":5427,"minecraft:sleep_in_bed":1,"minecraft:climb_one_cm":981,"minecraft:total_world_time":15180,"minecraft:fall_one_cm":4530}},"DataVersion":3465}