{"stats":{"minecraft:mined":{"minecraft:dark_oak_log":45,"minecraft:powder_snow":29,"minecraft:crafting_table":3,"minecraft:emerald_ore":1,"minecraft:light_gray_bed":3,"minecraft:tall_grass":1,"minecraft:spruce_leaves":3,"minecraft:wall_torch":1,"minecraft:spruce_stairs":1,"minecraft:furnace":1,"minecraft:iron_ore":51,"minecraft:spruce_log":5,"minecraft:grass":1,"minecraft:oak_log":34,"minecraft:coal_ore":69,"minecraft:dirt":1,"minecraft:wither_skeleton_skull":3,"minecraft:stone":109,"minecraft:white_wool":4},"minecraft:crafted":{"minecraft:crafting_table":1,"minecraft:spruce_planks":20,"minecraft:wooden_pickaxe":1,"minecraft:baked_potato":11,"minecraft:furnace":1,"minecraft:air":0,"minecraft:iron_chestplate":1,"minecraft:shield":1,"minecraft:iron_axe":1,"minecraft:stick":4,"minecraft:iron_ingot":15,"minecraft:iron_pickaxe":1,"minecraft:stone_pickaxe":1,"minecraft:wooden_axe":1,"minecraft:dark_oak_planks":4,"minecraft:torch":4},"minecraft:picked_up":{"minecraft:crafting_table":3,"vampirism:vampire_blood_bottle":1,"minecraft:oak_log":34,"minecraft:wither_skeleton_skull":3,"skilltree:gem":15,"minecraft:dirt":1,"minecraft:apple":1,"minecraft:wheat_seeds":1,"minecraft:furnace":1,"minecraft:dark_oak_sapling":9,"minecraft:stick":20,"minecraft:raw_iron":51,"minecraft:torch":1,"minecraft:spruce_stairs":1,"minecraft:spruce_sapling":3,"tombstone:grave_dust":2,"minecraft:spruce_log":5,"minecraft:dark_oak_log":38,"minecraft:light_gray_bed":3,"minecraft:emerald":1,"minecraft:oak_sapling":18,"minecraft:coal":69,"minecraft:white_wool":4,"minecraft:cobblestone":109},"minecraft:killed":{"vampirism:advanced_vampire":1,"creeperoverhaul:snowy_creeper":1,"vampirism:blinding_bat":2,"minecraft:zombie":1},"minecraft:killed_by":{"undead_revamp2:clogger":1},"minecraft:used":{"minecraft:stone_pickaxe":119,"minecraft:baked_potato":5,"minecraft:wooden_pickaxe":37,"minecraft:iron_chestplate":1,"minecraft:torch":1,"minecraft:dirt":1,"minecraft:crafting_table":3,"minecraft:spruce_stairs":1,"minecraft:carrot":3,"minecraft:wooden_axe":54,"minecraft:apple":1,"minecraft:iron_axe":42,"minecraft:iron_pickaxe":96,"tombstone:grave_key":2,"minecraft:cobblestone":5,"minecraft:furnace":1,"tombstone:gift":2,"minecraft:potato":2,"minecraft:light_gray_bed":3},"minecraft:custom":{"minecraft:interact_with_furnace":13,"minecraft:interact_with_anvil":1,"minecraft:mob_kills":6,"minecraft:interact_with_crafting_table":8,"minecraft:open_barrel":7,"minecraft:leave_game":1,"minecraft:time_since_death":30432,"minecraft:sleep_in_bed":2,"minecraft:climb_one_cm":1207,"minecraft:time_since_rest":15101,"minecraft:sprint_one_cm":46179,"minecraft:damage_taken":932,"minecraft:walk_one_cm":56665,"minecraft:damage_dealt":970,"minecraft:fly_one_cm":63508,"minecraft:open_chest":1,"minecraft:crouch_one_cm":1103,"minecraft:play_time":40185,"tombstone:undead_killed":1,"minecraft:deaths":2,"minecraft:sneak_time":755,"minecraft:jump":506,"minecraft:total_world_time":40185,"minecraft:fall_one_cm":14128},"minecraft:broken":{"minecraft:stone_pickaxe":1,"minecraft:wooden_axe":1}},"DataVersion":3465}