{"stats":{"minecraft:killed":{"graveyard:ghoul":1},"minecraft:crafted":{"minecraft:oak_planks":12,"minecraft:stone_axe":1,"minecraft:crafting_table":1,"minecraft:stick":4,"minecraft:wooden_pickaxe":1,"minecraft:stone_pickaxe":1},"minecraft:custom":{"minecraft:open_barrel":2,"minecraft:time_since_rest":15296,"minecraft:crouch_one_cm":1900,"minecraft:damage_taken":130,"minecraft:play_time":15296,"minecraft:sprint_one_cm":16370,"tombstone:undead_killed":1,"minecraft:walk_one_cm":15093,"minecraft:sneak_time":503,"minecraft:mob_kills":1,"minecraft:jump":163,"minecraft:damage_dealt":200,"minecraft:leave_game":1,"minecraft:time_since_death":15296,"minecraft:climb_one_cm":511,"minecraft:total_world_time":15296,"minecraft:interact_with_crafting_table":2,"minecraft:fall_one_cm":4257,"minecraft:fly_one_cm":15028},"minecraft:mined":{"minecraft:oak_log":72,"minecraft:stone":9,"minecraft:oak_leaves":6,"minecraft:crafting_table":1},"minecraft:used":{"minecraft:stone_axe":73,"minecraft:apple":4,"minecraft:crafting_table":1,"minecraft:wooden_pickaxe":9},"minecraft:picked_up":{"minecraft:crafting_table":1,"minecraft:stick":21,"minecraft:apple":4,"minecraft:oak_log":72,"tombstone:grave_dust":1,"minecraft:oak_sapling":56,"minecraft:cobblestone":9}},"DataVersion":3465}