{"stats":{"minecraft:killed":{"minecraft:sheep":4,"graveyard:ghoul":1,"born_in_chaos_v1:scarlet_persecutor":3},"minecraft:crafted":{"minecraft:oak_planks":12,"minecraft:crafting_table":1,"minecraft:stick":4,"minecraft:wooden_pickaxe":1,"minecraft:stone_pickaxe":1,"minecraft:stone_axe":2},"minecraft:broken":{"minecraft:stone_axe":1},"minecraft:custom":{"minecraft:time_since_rest":7847,"minecraft:sprint_one_cm":54680,"minecraft:damage_taken":780,"minecraft:walk_one_cm":40675,"minecraft:mob_kills":8,"minecraft:inspect_hopper":1,"minecraft:damage_dealt":1575,"minecraft:swim_one_cm":5847,"minecraft:interact_with_crafting_table":3,"minecraft:fly_one_cm":59626,"minecraft:open_barrel":2,"minecraft:open_chest":5,"minecraft:crouch_one_cm":4135,"minecraft:play_time":27382,"tombstone:undead_killed":1,"minecraft:deaths":2,"minecraft:sneak_time":960,"minecraft:walk_under_water_one_cm":541,"minecraft:jump":423,"minecraft:walk_on_water_one_cm":2203,"minecraft:leave_game":2,"minecraft:time_since_death":8416,"minecraft:total_world_time":27382,"minecraft:climb_one_cm":893,"minecraft:fall_one_cm":9884},"minecraft:mined":{"minecraft:crafting_table":2,"minecraft:coal_ore":5,"minecraft:oak_log":113,"minecraft:stone":11,"minecraft:green_concrete":1,"minecraft:hopper":1,"minecraft:oak_leaves":10},"minecraft:killed_by":{"born_in_chaos_v1:scarlet_persecutor":2},"minecraft:used":{"minecraft:apple":6,"minecraft:stone_pickaxe":21,"minecraft:wooden_pickaxe":9,"minecraft:stone_axe":137,"minecraft:crafting_table":2},"minecraft:picked_up":{"minecraft:stick":34,"minecraft:crafting_table":2,"born_in_chaos_v1:ethereal_spirit":3,"minecraft:oak_log":113,"tombstone:grave_dust":1,"skilltree:gem":2,"minecraft:apple":6,"minecraft:oak_sapling":75,"minecraft:mutton":5,"minecraft:hopper":1,"minecraft:coal":5,"minecraft:white_wool":4,"minecraft:cobblestone":11,"minecraft:egg":2}},"DataVersion":3465}